Inverse Distribution Normal with Park Miller,Box Muller Normal with Park Miller,Fishman Normal with Park Miller),Inverse distribution Normal with LEcuyer,Box Muller Normal with LEcuyer,Fishman Normal with LEcuyer
-3.94966,0.971989,-1.22673,-2.92535,-1.39842,-1.02155,
0.406164,0.274954,-1.44722,-0.618085,0.228274,0.227872,
0.765546,-1.39229,-1.86545,-0.475735,0.956827,-0.249216,
-0.543913,-0.975718,-0.433092,-0.358362,0.141914,-1.30737,
0.422956,0.764388,-0.0865625,0.22449,0.491974,1.75554,
-1.31179,-0.324913,0.835025,-1.1701,1.51863,-1.41778,
-0.721753,-1.29944,-1.46605,0.828218,-0.862603,0.851901,
-0.268068,-0.109206,1.31084,0.527133,0.706184,-0.559249,
-0.262464,0.610737,-0.594925,0.296127,-1.2875,0.197897,
0.4495,-0.836703,1.43834,-1.61638,0.80631,-1.47387,
1.38852,0.46916,0.190321,0.722418,-0.354335,1.19618,
0.245801,-1.2744,-0.488898,-0.974611,-1.14882,0.642109,
-1.01595,-0.299463,-1.01217,0.770209,0.193756,-0.420534,
-0.942921,-0.83477,1.01184,-0.0494863,-1.46075,0.00553988,
-0.620975,0.222354,-0.945053,-0.804155,1.25074,0.554852,
0.381277,-0.76908,-0.716863,-0.611208,-0.364751,-0.297366,
-0.369851,1.39157,0.647666,1.56547,0.677824,-0.553762,
-1.76847,-0.551589,1.10648,-0.0238936,0.658315,-0.0377132,
1.38568,-0.150423,0.997649,-0.943102,-0.0806145,-0.821282,
-0.428314,0.577315,0.95345,-0.0845494,-1.17367,0.13017,
-1.35675,-1.33406,-1.13249,0.549065,2.61596,0.779051,
-0.166546,-1.16436,-0.467085,-0.699083,1.72118,-1.10486,
1.59714,-0.478622,1.07518,-0.227274,-0.225725,0.0923391,
0.391219,1.1298,1.79592,-0.90072,0.272657,-0.412967,
-0.736102,-1.17175,0.829971,0.504128,-0.430129,-0.270595,
0.344178,0.452428,-0.152832,1.91884,1.06197,0.490933,
-0.100876,-2.77888,0.397126,-0.69933,-1.78278,0.519652,
-0.614039,0.432371,-0.29913,0.446598,-0.872626,2.44029,
-1.40509,2.37177,2.08549,0.988967,0.515672,0.035969,
0.0149224,1.53012,-0.787564,1.0559,-2.89504,1.00761,
0.129715,0.749121,2.63853,-0.185029,-0.352681,0.77805,
0.881551,-1.9738,0.371808,-0.240381,-1.06919,1.81773,
-0.48944,1.36547,-0.531543,0.930437,-0.270565,-2.09566,
-0.714942,0.00698286,0.285451,0.180547,0.10297,0.32727,
0.468844,-1.96651,0.0633374,-1.02402,0.672543,-0.332211,
0.361591,1.12529,0.0662113,-0.905723,-1.22353,0.22292,
-0.98142,0.839136,0.0871654,0.917097,-0.126857,-1.12506,
0.779144,0.345978,-0.192986,-0.708596,-0.109296,-0.140458,
1.69737,-0.976365,1.13896,0.886782,2.11675,0.105595,
0.941179,-0.801078,-0.00121474,-0.742021,-1.6758,-1.08207,
-0.721847,-0.417171,-0.456399,-0.320153,0.797465,-1.29472,
1.35789,1.47841,-0.0549095,-1.90254,-0.945681,0.231251,
0.287936,-1.2576,0.676551,-0.517661,0.472136,-1.11307,
0.728281,1.5488,0.304579,-0.465796,0.0810298,-0.417436,
-0.650784,-0.221359,0.848067,0.147961,-0.0795278,-0.161605,
-0.349307,1.277,-1.03474,0.0656749,-0.21169,0.614981,
-1.00199,-0.15492,-0.290859,-1.06367,1.68939,0.100747,
-0.192857,0.398451,-0.417985,1.30571,-0.164022,0.0361444,
-0.348986,2.06167,-0.921399,0.403463,0.800296,0.443191,
-0.907554,0.836938,1.18974,0.237686,-0.951039,0.208558,
0.963987,1.51616,-1.16724,-1.55754,1.72534,-1.03234,
-0.282816,-0.362143,-1.62632,2.54114,0.107693,0.639574,
-0.88206,0.906667,0.671321,-0.430349,0.153542,-0.340246,
-0.319868,-0.765157,1.36122,1.4263,0.132464,1.75393,
0.828566,-1.09306,-0.558313,0.186968,0.743217,0.385345,
0.964235,0.623846,-0.12377,-0.957459,-0.341136,-0.962984,
-0.169792,0.849825,0.432726,1.96118,1.82552,0.590765,
-0.0293783,-0.438119,1.15007,0.651916,-0.464351,0.81688,
0.115664,1.47919,-0.81032,-1.97141,-1.32657,-0.786592,
-0.516302,-0.00939683,-0.00222875,-0.0977457,-1.91578,-1.70079,
0.058351,0.833698,0.7983,0.188565,2.76877,-0.0512832,
0.0567165,0.551006,1.46917,0.341638,0.873154,-0.239889,
0.205629,-1.63714,-0.897664,-0.572045,0.830454,-0.28679,
0.240851,-0.59508,-2.50407,1.78648,-2.52002,0.736634,
1.50014,0.292687,0.142993,-0.116801,0.923579,-1.17185,
-0.0755629,0.736529,-1.94114,-0.139839,1.1665,-0.996852,
-0.437919,-1.36144,-0.198421,-1.35974,0.475272,-0.156242,
-0.116408,-1.1546,0.273387,-0.0326158,0.213106,-0.217813,
0.639716,-0.708379,-1.0611,-1.09708,-0.461521,1.2131,
-0.335178,1.87859,-0.889699,1.0578,0.15461,1.20169,
0.00886223,-0.170628,-1.78382,0.95948,0.273209,-1.63593,
1.40987,-0.469467,1.75108,-0.824709,-0.308047,-0.527595,
-0.291305,-1.17048,-0.731443,-0.151305,1.0528,0.279525,
0.174051,0.422798,1.78887,-0.0141142,2.13171,-0.554649,
0.381913,0.881591,-2.00219,-0.430711,1.01406,-0.43302,
-0.461474,-0.361327,0.532416,1.16478,0.361867,2.90885,
0.538546,-0.155278,0.663691,-0.461131,0.62664,-0.389659,
-0.673169,-2.24573,-0.851848,0.514274,-0.643171,1.61433,
0.868981,-1.06213,0.243118,-0.103353,1.40989,0.920464,
1.04083,-2.16836,0.390585,0.669846,0.0784901,-1.14511,
-1.08443,1.04052,-0.061242,0.625564,0.659408,-0.205322,
0.323461,0.49584,1.22345,1.51496,0.419343,1.87101,
-1.40954,-0.229782,1.45103,1.34558,0.384643,0.841639,
-0.1452,-2.89938,0.925167,-0.401034,1.15118,-1.17268,
-0.409093,-1.62911,-1.31077,-0.436446,1.26968,0.393356,
-1.04627,1.78346,0.562677,-0.433143,1.25571,0.588916,
0.47084,0.0309515,0.32329,-0.155398,0.239041,1.35819,
0.324077,0.898071,0.497909,1.3519,2.07505,0.480125,
2.78088,-1.13518,-1.18163,-0.140037,0.392402,-1.34188,
-0.143719,-1.83909,0.329772,1.38979,-2.26738,0.453563,
-0.970196,-0.142062,-1.92282,0.417063,0.369938,-0.373843,
0.0793155,0.280997,1.53761,-0.0299018,-0.19351,0.542653,
0.690551,-1.09148,-1.09941,-0.6119,-0.020977,0.241161,
0.167136,-1.19801,-1.51469,0.145994,-0.732703,-0.204097,
1.70142,2.04168,2.45916,1.84211,0.631084,0.473856,
-0.739151,-1.74408,-0.625956,-1.02297,-0.832555,-0.253746,
-1.55139,-1.95218,0.737317,0.715745,-1.10565,-0.574897,
-0.81494,1.08618,-0.155608,0.693102,-0.879122,-0.557434,
-0.394553,1.81402,0.91733,-1.15321,0.209784,-0.863965,
-1.42573,-0.39848,1.09587,0.28468,-0.901236,1.35881,
0.48601,-0.0711128,1.21988,1.06266,-0.727811,-0.684797,
-0.413591,0.927407,0.912686,0.79038,0.273771,1.89934,
-0.160962,0.186438,-0.842789,-0.910086,-0.0717841,0.535704,
1.23529,-1.5499,0.655878,1.63364,-0.351941,1.51226,
0.734244,0.142782,-2.2689,0.00746345,0.51643,-0.260512,
1.0726,-0.736508,-0.221433,0.239723,0.851282,0.819735,
-2.25621,0.299381,-1.37431,-0.0780387,-0.597492,-0.67948,
-0.973032,-0.129421,0.510922,1.21972,-0.261577,1.44624,
0.446132,0.872522,-0.84464,-1.35861,0.0673219,-1.56518,
-0.01905,0.429341,0.117793,-1.00849,1.9773,-1.00325,
0.761443,-1.15746,1.24696,0.866916,0.24424,-0.654295,
0.647863,-0.931828,0.119063,1.80766,-0.146349,-1.70216,
0.748495,-0.16875,0.36414,-1.40891,1.2334,0.339618,
-0.11635,-0.449384,1.72632,1.16991,-0.893013,-0.355603,
-1.15402,0.267359,-0.137813,-0.344881,0.392474,0.787242,
-0.805734,-1.27892,-2.10637,1.41898,0.560026,0.32371,
0.837477,-0.0193505,-1.50089,1.6557,-1.06188,-1.14954,
-1.52397,-0.11269,-1.34994,1.5662,1.03701,-0.241796,
0.185419,-0.464878,0.539816,0.651558,-2.62804,0.322552,
0.391095,-1.02999,0.308056,0.053741,-0.882462,-1.48648,
-0.11316,-0.0250948,-0.0032086,-0.804974,-0.975188,0.424169,
-0.324075,1.15041,-0.827656,1.25813,-1.62005,0.109109,
-2.17014,2.18901,-0.480964,0.771293,1.126,0.219078,
-1.46496,0.610707,0.911887,0.673622,-0.460822,-0.465424,
-1.10592,-0.641306,0.40025,0.983833,-1.13137,2.21964,
0.123383,1.71962,0.167744,1.36969,-0.0734234,-0.729256,
0.494395,1.38193,1.02299,-1.25852,-2.08412,-0.0666317,
-0.843215,0.0835007,-1.70464,-0.100073,-1.74279,0.313134,
1.30751,0.293208,-0.207012,0.608019,-1.15557,0.583777,
0.221627,-0.45878,-0.153934,-0.102195,1.41882,-0.217864,
-0.163777,-0.161801,1.32781,0.269682,1.17345,0.937475,
-0.642441,-1.51322,-0.224659,1.75156,0.414435,-0.304842,
0.679771,0.706508,-0.470444,0.397303,-0.797501,-0.556293,
-0.235962,-1.52765,-0.0328039,1.6181,0.165009,0.347754,
1.46893,0.93724,1.31501,0.0907331,-1.5801,-0.95889,
1.54335,0.70763,-0.151148,-0.984663,-0.304545,0.234061,
-0.00324568,-1.06196,0.12115,0.233757,1.19971,-0.395262,
0.636163,0.854448,-1.4712,0.533809,-1.83147,-0.809664,
1.5215,0.752578,-0.193274,-1.16017,0.415749,0.634298,
-0.745852,-0.897618,0.479256,-2.55947,1.47876,1.32223,
1.65014,1.51322,-0.530117,-1.46336,0.847286,0.688614,
0.762248,-0.564256,0.171013,0.585485,0.394087,0.0932061,
0.774663,1.56489,-0.566105,-1.08083,-0.395229,0.00248888,
0.645683,-0.43279,-0.234168,1.2277,0.453797,-0.614113,
1.38207,-0.699178,-0.210205,0.574946,-1.20454,1.03472,
-1.70784,-0.240377,-2.22661,-0.00255855,-0.447938,0.128753,
0.550754,1.39365,-0.644651,-0.999084,0.640239,0.155675,
0.932626,0.164237,-0.450679,0.842261,1.29505,1.75433,
-0.641398,0.28032,-1.51982,-0.656187,-0.226355,1.68551,
-0.14445,0.590468,-0.0898071,0.351505,-0.570684,-0.635057,
-0.467272,-0.52789,-0.155746,-0.454781,-0.605524,0.142396,
0.861344,-0.527845,0.304546,0.134658,-1.30778,0.623896,
0.332261,1.3537,2.04653,-1.16094,-0.433616,-1.15971,
3.03217,0.385843,-0.435144,1.12149,-1.55555,-0.0838476,
0.243648,0.735915,1.48411,0.140898,2.07809,-0.315563,
-1.05224,-0.928696,0.179934,-0.0474182,-1.18614,0.682968,
0.341299,-1.81649,-0.437344,1.28035,1.09351,0.347927,
-0.654892,1.62797,0.809763,0.223029,0.819832,-0.144721,
-1.23632,-2.14074,0.748333,1.14745,-1.04895,-0.723266,
-2.16055,-0.623185,-0.114479,-0.415484,0.503996,1.78645,
-0.70885,0.260466,-1.71213,-0.226476,0.359837,-1.26402,
-0.299815,-0.533329,-0.120822,-0.0566599,0.27571,1.45195,
1.61248,-0.553855,0.479878,-1.15965,0.677275,0.494698,
-2.13817,2.37244,0.0429691,2.10976,0.481606,0.328638,
-1.07193,-1.4287,-1.83014,1.79746,1.53054,0.581661,
0.0209757,-1.56881,1.37574,-0.600833,-1.05364,1.567,
-1.11471,-0.809432,-1.07771,-0.359246,0.533477,0.0771065,
0.553692,-0.258579,-0.228055,-2.29173,0.0421923,-1.48062,
0.635454,-0.0559777,0.252226,0.818766,0.667422,-0.264108,
-1.62986,-1.0394,0.59766,0.557294,-1.24413,-0.8104,
0.401415,-0.160276,0.536929,0.384006,0.159064,-1.33434,
-0.180852,-0.453137,0.708664,-0.443924,0.600585,-1.99409,
-0.0982468,0.982087,-1.03576,0.0264484,1.02178,1.1483,
0.881561,0.703246,-0.351613,-0.15818,0.177188,1.34687,
-0.371003,-0.925581,2.02724,0.40901,0.0322863,-0.273226,
0.941186,-1.16734,0.564795,-1.4526,-0.49699,0.516534,
-0.627131,-0.391078,-0.465987,-0.581253,-0.930974,0.203551,
0.455282,0.739961,0.635165,1.03977,1.27808,0.538761,
1.37714,0.56348,0.789471,-1.65024,1.01351,-1.94983,
-0.593162,0.710645,0.137194,-0.924843,-0.784642,-0.187264,
0.667021,-0.352785,-0.707671,0.102074,-0.139593,-0.474674,
-0.638725,-0.74685,-0.296143,-0.960206,0.553081,0.0401998,
-1.69833,-0.598762,0.743122,0.403572,1.55266,-0.637695,
0.408024,-0.180915,1.57713,1.30564,-1.31734,-0.613555,
-0.648811,-1.20592,-0.420347,-0.267324,-0.612203,0.304646,
-1.43081,0.10447,-0.493776,1.06603,-1.65566,-0.149446,
-0.258626,0.472677,1.4885,1.80549,0.36274,0.319679,
0.112053,-2.01129,-0.836081,-0.606021,-0.519214,-1.88552,
-0.672515,0.174734,-0.593754,0.958049,1.58354,0.0336754,
-0.512075,0.313155,-0.427024,0.363769,1.42613,-0.84326,
-0.368335,-1.07933,-0.508725,0.213755,0.425279,-0.606646,
0.0747153,-0.0993048,0.450884,0.136556,-0.387945,0.550844,
-2.88314,0.801341,-0.697948,0.884377,0.0749516,0.49485,
-1.35438,0.394252,1.22476,0.450551,-0.21426,-1.53258,
0.769554,-0.00152651,-0.627173,1.95837,0.344241,0.843626,
-0.492381,-1.75041,0.668734,-1.37213,-0.747327,0.0550236,
0.696165,0.531383,-0.185277,0.11836,1.55584,1.11125,
-0.979391,0.784448,0.324509,-0.597079,2.36575,0.359675,
-0.853642,-0.533497,-0.367378,1.19062,2.09645,-1.17798,
-1.15773,0.647738,-0.143969,0.568729,0.743025,0.237636,
-0.138546,-1.068,-0.557965,-1.41609,-0.111277,-0.619474,
0.0276598,0.698459,-0.778261,-0.368711,1.5528,-1.83533,
1.51986,-0.182873,0.292685,0.772718,0.367337,0.678079,
0.745696,0.144293,-0.871023,-0.205274,0.394337,-0.963851,
-0.654644,0.390024,-1.36073,0.0690293,0.310657,-0.243831,
-0.134304,-0.128956,0.681041,-1.14735,1.34754,0.642673,
0.487728,-1.32622,-0.148257,1.16682,-1.4613,0.516616,
0.18191,0.854767,-0.492538,0.558052,-0.04538,3.13878,
0.0430512,-0.238427,1.05708,-2.35196,0.604072,-1.63384,
-1.47473,-1.35741,0.906537,-1.08581,0.215002,-0.160608,
1.19309,-0.946445,-0.334592,0.736155,1.36841,1.31565,
-0.29806,0.764785,-1.00965,1.0482,0.24874,-0.161315,
-0.840931,0.79841,0.22703,0.955195,-0.594904,0.230904,
0.381917,-1.53196,-0.206953,-0.942017,0.13348,0.990748,
-0.395278,0.521338,-0.16629,-1.61037,1.1908,1.04601,
0.197321,2.49528,0.936328,0.608429,0.673875,-0.0663497,
-2.6873,-0.419311,0.496433,0.468303,-0.551613,1.40129,
0.0820018,-0.868656,-0.946225,-0.473184,-0.574705,2.55787,
0.54924,0.173394,0.901417,0.803357,-0.192412,1.11775,
-1.30785,-0.573933,-1.21717,-0.300882,0.772408,0.278473,
-0.175978,-1.35005,-1.00088,0.364496,-1.66807,0.941977,
0.318473,0.386183,1.37171,-0.399842,-0.584346,-0.421913,
-0.477189,0.946588,0.409146,0.13553,0.618242,-0.57453,
-0.451071,-0.197934,0.597669,0.863898,0.913792,1.0528,
0.169025,-2.07342,-0.0232655,0.215525,0.38166,0.26315,
-0.139023,0.0499456,1.40083,-0.146387,0.00651371,-0.843157,
-0.416847,-1.11708,-0.13783,-1.47924,0.242605,1.22662,
-0.226913,-1.45901,-1.63327,2.16874,-1.71318,-0.562044,
2.84418,-0.254686,-0.322291,1.12311,1.26546,-0.257895,
0.210008,-0.768298,1.30259,0.807788,0.300278,-0.464835,
-0.441534,-0.0302606,0.0945583,-0.232535,-1.00457,0.000132604,
-0.125425,-1.17057,-1.13735,-0.112044,-1.55403,-0.90495,
0.582074,1.00965,-0.47489,0.725967,-2.24227,-1.85077,
0.512859,-0.870547,1.23708,-1.10959,-0.822742,-1.25449,
-0.669033,-1.78224,-0.249387,-0.905731,0.561924,1.86225,
1.6147,-0.146004,-0.51789,-1.13571,0.0293127,0.591628,
-1.42099,1.28699,-1.12382,-0.0365712,0.755183,0.323066,
-0.738461,-0.642367,0.996277,1.64495,1.46053,-1.10977,
0.198472,0.489376,-1.84757,-0.121571,1.23633,-0.211164,
0.184775,-1.64361,0.765251,-0.353503,1.10918,-0.759057,
-0.233928,0.281001,1.15425,0.795076,2.3855,0.279505,
-0.846533,-0.397841,-0.422944,-0.809813,-0.357724,2.39763,
-0.418861,-0.158096,0.0941326,-0.661939,-1.82368,1.25536,
-1.83504,-0.271455,0.931459,0.676598,0.477661,-1.22489,
0.93766,0.141017,-1.68519,-1.04325,-2.87326,0.281075,
-1.57529,-1.06043,0.427341,-0.215363,0.995609,-0.619608,
2.61843,-0.342774,0.39396,-0.0533596,1.88185,0.622296,
0.73235,-0.500191,1.06149,0.163401,0.188161,-0.521233,
-1.02602,0.373499,0.958839,0.387871,2.46784,-0.0338663,
-1.39338,-0.816753,2.52527,-1.45352,-1.09183,0.0517106,
-2.7505,-0.897794,0.408507,1.67539,-1.23405,0.227157,
-2.62012,-1.21078,1.53182,0.816363,0.8406,2.52702,
1.11121,0.389653,-0.461769,-0.496441,1.42614,-1.67398,
0.349585,-1.26145,-1.02655,0.622191,-1.52536,0.744522,
0.242718,-0.0871282,-1.08845,-1.52007,1.21171,-0.43597,
-1.34931,0.416341,-0.966726,-0.0984388,-0.800243,-0.392828,
-0.221193,0.86169,0.137276,2.3532,1.07746,-1.20875,
-0.246081,-0.320781,-1.28949,-0.0121217,0.126207,0.728251,
-1.93804,-0.895746,0.125393,-0.334399,1.24641,0.150765,
-0.907393,2.83191,0.922646,-1.9307,0.142049,0.846331,
0.112037,0.223199,0.778696,-0.317008,0.6386,1.34643,
-1.06455,0.87621,-0.0296391,1.05967,0.233875,-1.40251,
-0.0683739,1.20393,-0.829977,0.308946,-1.03963,-1.06399,
-0.230921,1.98694,-1.75728,-0.81671,0.478027,-1.56163,
0.915458,-0.835654,0.895015,0.856995,-0.553031,-0.452026,
-1.04566,-1.01853,-1.50733,-0.595735,-1.06445,1.36917,
-1.48132,0.237963,-0.453441,-1.27148,-0.664095,0.258566,
-1.49288,0.0627311,2.44128,-0.532255,0.269823,-0.535344,
-0.239642,-0.191656,-1.37846,1.83878,-0.531674,0.401801,
1.5903,1.19172,0.142715,0.996269,0.702082,0.976426,
0.708873,0.504295,-2.09448,-0.522431,-0.126314,0.316054,
0.636348,0.415076,0.643795,1.34845,2.38859,0.197811,
1.6378,0.105393,-0.663041,0.0367521,1.57678,1.41301,
-0.395943,1.68801,1.53709,-0.860446,-0.374679,-1.21846,
-0.0983054,-0.204122,-1.42555,0.386159,-1.73827,0.490463,
-0.201445,-1.21952,1.10316,-0.149202,0.351469,-0.854703,
1.19691,-0.0920812,0.241089,0.227602,-1.1086,-0.488597,
1.40055,-0.0891144,-2.13298,1.13307,-0.409936,-0.600153,
-1.21439,-0.433433,0.838053,-0.057886,-0.211736,0.683324,
-0.22554,-0.078295,-1.68092,0.693949,0.452864,-0.317677,
1.87841,1.63316,-0.0409134,-1.5347,-0.611725,-0.0633522,
-1.58414,0.445383,1.12915,1.29665,1.33658,0.407327,
1.74055,-1.44614,1.00534,0.187266,-1.45694,-0.7907,
1.37982,0.375228,-0.492488,-0.292766,-0.690122,-1.43716,
-0.771277,-1.52573,-0.143856,-1.11524,2.42494,-0.0437845,
-1.28939,0.251436,1.79947,0.381402,2.03924,0.626384,
0.474069,0.413041,1.10433,-1.50446,1.07511,-0.587286,
2.35419,1.81892,-1.24611,-1.81368,-0.376395,-0.724058,
-2.57235,-1.66299,0.10188,-1.60235,-1.15669,-0.144413,
1.19728,-0.517692,0.198063,-1.65967,-1.05152,-0.0459199,
-1.07238,-2.16161,0.246322,1.59004,-0.0625317,-0.591302,
0.801766,1.5508,0.744823,0.460128,-0.736504,-0.0790595,
1.55213,-0.367544,0.0920441,0.587158,-0.307046,-0.160295,
-0.565569,0.238814,0.944218,-0.925748,-0.981812,-0.218078,
-0.962115,0.545658,0.908134,-0.84511,0.681701,0.407966,
0.0205229,0.770826,-1.50956,-0.436904,-0.18767,0.903484,
-1.29853,-0.210079,1.54332,1.08004,0.257994,0.513612,
-0.940084,0.393158,0.293318,-0.257662,0.260501,-1.1499,
-0.0500619,1.81992,-0.125463,-0.224644,-1.72985,-0.816594,
1.94064,-0.868443,-1.29823,0.00411756,-0.448392,0.917503,
-0.0471068,-0.878621,-1.1734,-0.98513,-1.81863,0.737126,
0.72151,-0.563469,-0.284189,1.54118,0.549552,0.63743,
-0.391799,0.681172,0.203074,-0.610442,-0.479376,0.371708,
-0.965491,-0.847195,-0.868143,-2.05086,-0.473527,0.115368,
-0.576309,-1.32678,-0.270742,-0.258571,-0.765486,-1.18794,
2.36905,1.28509,-0.327167,-0.488483,-0.275201,1.15198,
-1.10288,-0.879395,1.28724,-2.31784,-0.404082,-1.69283,
0.237562,-0.0754728,-2.7883,-0.663005,0.196366,0.23716,
-0.00207499,1.31448,-0.615735,-0.899104,-0.376727,1.6066,
0.220309,-0.409095,-1.03452,-0.472771,-1.26981,-0.220717,
0.888461,-0.0351513,-1.97464,-0.318698,0.963866,0.0736106,
0.333486,0.20145,-0.566524,-0.266367,1.51539,0.493892,
0.737388,-1.96134,0.0311184,0.894173,1.5059,-1.31955,
1.55431,0.558024,-2.12005,0.350316,-0.22842,-0.456554,
0.380821,-0.856404,1.21875,-0.692092,-2.59272,0.926172,
0.0374755,-0.278123,-0.122544,-1.01956,1.09079,-1.11119,
0.568718,-0.211525,-0.872259,-0.0515886,-0.286319,0.883525,
0.872157,0.387716,-0.207067,0.126043,-0.335775,-0.830512,
-0.184971,-0.787874,-1.56859,-0.17382,-0.326213,-0.791136,
-0.521158,2.55098,0.160762,1.80712,-0.100202,-0.0553707,
-1.50371,0.089916,-1.61455,0.347835,0.34818,0.959528,
0.786385,0.0702763,-0.755809,-2.59755,0.619943,1.63984,
0.510025,-0.169104,0.0323491,-0.142041,-0.579084,-0.193571,
0.201987,-1.54415,1.09051,-0.122948,-1.26649,-1.75699,
0.458382,-0.190577,1.97486,-0.497167,0.0976387,0.402219,
0.365796,0.935186,-0.37838,0.197251,-1.25858,0.240608,
0.135001,1.48928,0.928677,-0.667913,0.224888,0.816394,
1.55979,0.129236,1.85614,0.453174,-1.03879,1.45228,
0.22862,1.58934,0.121834,0.089658,-1.38667,0.425897,
-1.01842,-1.26173,1.02365,0.152891,0.762597,0.36965,
-0.541116,1.05052,0.522989,0.138124,-0.107401,0.553131,
1.0413,1.4035,1.27056,0.2527,0.177925,0.321749,
1.81305,-0.326431,0.771164,0.157484,-0.532837,-0.215674,
-0.724662,-0.338669,-0.336701,-0.65223,0.232687,3.3519,
-0.306844,-1.31342,0.129972,-1.18391,-1.3018,1.30516,
1.54773,-1.9817,0.256328,0.416581,-0.118633,-0.62814,
-0.262507,0.163336,0.479775,0.302085,0.372952,0.155815,
-0.275891,0.838505,-0.397755,-1.53013,-1.06912,-0.66654,
1.03092,1.46495,1.49967,1.99133,1.1129,-0.246154,
-0.613989,1.50664,-0.318826,0.842116,1.57635,1.82636,
-0.361345,0.187952,0.753785,2.00097,0.0176225,-1.43711,
-0.302371,-1.0689,-0.154355,-0.909704,0.444917,0.0728119,
0.175564,0.187517,0.171752,-0.639181,-0.785869,0.301703,
0.366601,-0.984227,0.0882016,-0.195052,0.496201,-0.53604,
0.263297,-0.228359,0.467907,-2.23616,0.209905,-0.247278,
0.59406,-1.68273,1.02345,0.346085,-0.743377,-0.204764,
-0.514399,1.25296,1.19996,-1.47874,0.283452,0.785725,
0.526748,0.00463204,-0.452265,0.596503,0.369669,-0.842756,
0.273591,1.1152,-1.48927,0.490429,1.46406,0.106575,
-0.518167,-0.494365,0.475746,-0.45133,-0.0297999,-1.25515,
0.216566,0.367655,1.13405,-0.371687,-0.209595,-0.609876,
-0.505006,-0.29437,1.24451,0.204975,-0.302741,-0.525967,
-2.3589,-0.644736,0.875476,0.145418,-1.24047,-0.0110516,
-1.90795,-0.0136585,1.34308,0.618448,-1.81684,-1.33404,
1.49477,-0.00660225,-0.29173,0.791641,-1.36948,-1.35711,
0.6807,-0.238436,-1.19981,0.0798035,0.641828,-0.765301,
-0.383993,-0.540171,0.87509,1.71127,0.000492239,-0.385704,
0.580134,-0.687958,0.820504,0.89791,-0.763575,-1.98675,
0.549156,0.302893,-0.00978525,0.579465,-1.87068,-0.685787,
0.289861,0.384462,-0.53203,-0.670708,-0.823103,-1.81293,
-1.0529,-0.251407,-0.50398,0.520672,0.869215,-0.445977,
-1.44128,-0.51313,-1.48897,1.12799,-0.29888,-1.03112,
-0.329077,-1.63223,-0.342621,2.21315,-0.00541978,-1.26335,
-0.789553,-0.358744,0.189867,0.312308,-0.554667,0.335871,
0.61488,0.829599,-2.12608,-1.15625,0.381534,-0.194576,
0.225587,1.16484,0.839889,0.780208,0.946246,-0.400477,
-0.431461,-0.17025,-0.147479,0.758382,0.702581,-0.896123,
1.03829,0.419313,1.02509,-1.00009,-0.0650752,0.0360564,
-0.726828,-0.993022,0.14816,-0.985355,0.971888,0.0244651,
-0.772609,0.366793,-0.679347,0.157978,0.148746,-0.00719627,
-0.0749724,1.11295,1.52481,-0.124403,1.00728,-0.412622,
-0.586535,1.3603,1.62059,-0.528317,-0.409667,-0.837166,
-1.36896,-0.727491,0.781612,0.790705,0.996148,0.0507443,
-1.22431,1.44605,1.12718,0.803291,-0.799079,-1.20489,
0.855073,-0.433296,-0.244454,0.889338,0.0827867,-0.164955,
0.0872152,-0.392043,0.451667,0.183192,0.488235,0.541274,
0.098246,-1.34121,1.28737,-0.164946,-2.18033,-2.3137,
-0.903266,-1.40037,-0.463866,-1.00257,0.92661,0.97191,
1.35384,0.114541,0.354826,-0.19809,0.314859,-0.239649,
0.701647,0.149366,-0.107683,-0.595025,1.84832,-0.325997,
1.72421,0.872132,-1.66911,-1.10011,0.523619,-1.44221,
-0.0541803,-0.692418,-0.328304,-0.652726,0.597298,-0.0193687,
-0.259671,1.14541,-1.33335,-0.875664,-2.3423,-1.39545,
0.736589,2.13066,0.465384,0.186833,-0.146198,-1.54209,
1.06206,-0.494142,0.684487,-1.13932,-0.594303,-0.0295298,
-2.02821,0.540115,0.540923,0.764246,-1.32652,0.342285,
-0.0540306,0.0761071,0.0764429,-0.748707,0.0217096,-0.462735,
-0.254423,1.09547,-1.29896,0.0105097,1.03871,0.459928,
0.897993,-1.62641,-0.884386,0.420498,-0.0129745,0.44717,
0.041386,-0.878965,1.35384,-0.0664812,0.243213,-0.0853933,
1.37195,0.623146,-0.236779,-1.03786,2.03841,-1.15231,
0.623116,1.15777,0.225037,-0.060205,-0.585513,-2.16815,
-0.907284,-1.5417,-1.18282,0.0999436,1.28476,2.07515,
-1.85626,-0.615059,-1.94457,0.215361,-0.0322249,-0.856888,
1.43206,1.3492,-0.668766,-1.00117,1.39876,0.102827,
0.233703,1.47723,-0.660123,1.21281,-0.0917055,-1.18063,
-0.428211,1.04257,0.785634,-2.07295,-0.714609,0.798026,
0.583179,1.05965,-0.328164,0.83622,0.070492,2.24446,
1.63197,-0.695981,1.05157,1.42163,-1.56476,-1.43342,
-1.41095,-0.681833,0.291165,-0.0302612,-0.243647,0.148342,
1.46726,0.639501,-0.156128,2.09089,-1.42151,-1.00866,
-1.10626,-0.0469938,0.872696,1.02508,-0.460371,0.601752,
-0.538063,0.460554,-1.051,-0.770802,-0.132387,0.0754882,
0.117074,-1.13685,-0.298171,-0.485743,0.452251,-1.03971,
0.505245,0.387867,-0.581846,1.20688,1.09787,-0.161611,
-0.24961,-1.8192,0.881557,-0.658789,2.11609,-1.3662,
-1.40736,-0.691694,0.668517,2.1073,-1.03779,-1.80087,
1.07829,0.930632,-0.146316,-0.0962463,-0.574404,0.503632,
-0.175081,0.814315,1.71943,-0.789318,0.577696,-0.343983,
0.127796,0.680485,-0.493225,2.24485,-0.916186,0.158095,
-1.67734,1.53463,-1.09207,0.346983,0.506646,-2.65482,
0.0476099,-0.255853,-1.32373,1.25341,0.587098,-0.627349,
0.265792,-2.966,-0.670607,1.49259,-0.173812,-0.272461,
1.172,-1.24002,0.678623,-0.248258,-0.564783,0.715952,
-1.26227,-0.214422,-0.115513,-1.94096,0.574995,0.892918,
-0.593588,-0.0845422,-0.137883,-0.553902,0.697969,1.17228,
-0.376764,-0.0371398,0.321478,-1.34288,0.189579,0.434353,
0.846523,-1.16298,0.0867524,0.943899,-0.510849,0.887598,
0.30238,0.725314,-0.702899,0.974842,-1.45518,0.0639906,
-0.037331,1.35396,0.882344,0.844219,-0.146744,1.86632,
-0.665038,0.509254,0.53475,0.741013,-2.02746,-1.18542,
-0.28187,-0.247331,2.62768,-0.109721,-1.37996,-0.607148,
-0.565669,-0.636632,1.00985,-0.058888,1.79449,-0.0848937,
0.253198,-0.312095,0.704641,-0.149579,0.17092,-0.160099,
-0.730809,1.36619,2.5105,0.602892,-0.180238,-0.220775,
0.6794,-1.06253,0.0314613,0.954585,-0.0171705,-2.59462,
-0.177108,-1.79037,1.63091,0.0172475,-0.0634188,-1.39427,
-0.960465,1.74738,0.681037,0.712804,0.183519,-0.767066,
-0.0547044,0.211009,-0.333766,-2.36691,2.24399,-0.929704,
1.22059,-0.166231,-0.433545,-1.2138,-0.404248,1.32071,
-0.238305,-1.28679,-1.13376,0.213628,0.22974,-0.155685,
0.40123,0.693803,1.48221,-0.551871,0.0633284,-0.733041,
-0.561066,-1.00349,-0.197253,-0.720999,1.26414,1.26491,
1.5095,0.86772,0.288925,0.373562,-0.838991,-0.349689,
0.559137,-0.278233,-0.838347,0.0798188,-0.0992903,-0.693669,
-2.39602,0.686853,2.79603,-0.809722,-0.161572,1.56155,
-0.579983,-0.137006,0.899734,0.458438,-0.193029,0.481919,
-1.05036,-0.846755,1.8746,-0.851657,0.143826,0.191167,
1.21466,-0.390517,-0.408957,1.37806,-0.0350353,-0.436388,
-0.130062,0.582683,3.87447,1.00502,0.721882,0.273051,
1.17932,-1.36503,0.906494,1.01796,1.34681,-2.17653,
0.509484,-1.48342,-1.02406,-0.34064,0.43631,-0.817716,
-0.261999,-0.445062,0.223096,0.635574,-0.517609,0.711199,
0.471432,1.43619,-0.12195,-1.41657,1.36771,2.65166,
-0.92325,0.401575,-0.0765715,0.0496731,-0.796242,0.477154,
0.285931,-1.02623,-0.944707,1.54886,1.64383,-1.36246,
1.11129,0.365268,0.281574,-0.37125,-0.303231,0.0844751,
1.56646,-0.0903539,-0.989935,-0.906674,1.89171,0.0728929,
0.695387,-0.178962,-1.20532,-0.752703,2.51648,0.709598,
-1.47113,-0.18635,1.23676,-0.579057,1.14954,1.16839,
-1.77369,-0.375762,0.928331,0.559361,0.380685,0.0559016,
0.330964,0.382473,-1.33817,-0.408018,-0.214205,0.142583,
0.720238,0.02145,-0.0900922,0.406876,-1.32159,0.0455053,
0.739316,0.0870282,-1.21744,0.526561,-0.292585,-0.0639237,
0.787909,-0.0201621,-0.0978543,-0.579048,-0.505306,-0.645611,
-0.876025,1.59083,-0.369887,-0.718578,1.49639,-0.0684006,
1.13238,-0.195393,-0.598079,-0.11279,-1.97212,-0.409963,
-0.53863,0.235111,-1.37329,-1.0831,1.20425,0.807985,
-0.650645,-0.591932,-1.07724,1.24123,0.18497,0.34439,
-1.16663,-0.837695,-0.631205,0.59315,-1.01473,0.340134,
-1.51221,0.433122,0.296362,0.749136,1.20246,-2.76585,
-0.0261441,-1.19627,-1.30051,0.0294349,-2.44464,0.0266971,
-0.762331,1.01894,-1.44613,-0.476716,-1.80635,-1.74647,
0.852698,0.701814,1.01977,0.39466,0.420504,-0.995391,
-0.0645099,-0.28229,-0.951206,-0.379545,0.976584,1.48522,
-0.64564,0.380473,-1.78551,0.789932,0.643317,2.14398,
-0.473015,-0.0698769,-1.45261,-0.66205,-1.33172,0.495344,
-0.446779,-0.508213,-1.94488,-0.0877718,0.465493,-0.851409,
0.209203,0.839156,-1.52576,0.506744,-1.57458,-0.103478,
-1.66645,-1.59907,1.06401,1.17405,-1.0083,-0.561838,
0.172247,-0.658253,-0.00853952,-0.675654,0.200525,-1.58155,
0.627622,0.253458,0.72488,0.959749,-0.813993,-0.00903994,
-1.87499,-1.63828,2.13794,0.616717,-0.220859,0.937631,
1.17434,-0.42887,-2.46127,-0.211678,0.648064,0.261926,
2.7262,0.84061,-0.470297,0.595659,1.24466,1.01761,
-0.996344,-1.45211,-0.0371536,-0.318649,-0.946338,-1.08896,
-0.221035,-0.956879,-0.94376,1.16456,-2.47228,-0.535637,
-0.158396,0.429135,-1.35752,-0.751529,-1.88639,1.12586,
1.15791,0.214038,0.314759,-1.68877,-0.474463,0.127958,
-0.911436,-0.634293,-0.787826,-0.393826,0.306167,0.81814,
0.300722,1.41516,2.27994,0.396992,-1.03752,-1.88564,
1.11107,-1.01431,-2.37385,-1.85369,0.704915,-1.00166,
-1.04429,-0.781551,-0.956448,1.33337,-0.555471,-0.841716,
-0.24878,-0.922739,-2.17095,1.2626,-0.141788,-0.373183,
-0.0721956,0.115538,-0.602198,-0.452224,-1.44298,0.468443,
1.02444,-1.36468,-1.60062,1.45507,-2.35047,-1.1893,
0.440334,-0.469286,-1.54933,0.853319,-0.39851,-1.85705,
-0.672049,0.112,-0.929616,-1.05407,0.987813,0.200095,
0.835526,-0.375553,-0.0801589,1.40229,-0.030686,1.51355,
1.01762,-0.964208,-0.0687469,-2.06602,-0.67787,-1.11043,
-0.00055984,0.671682,-0.660372,-0.13717,-1.09098,-1.00432,
0.662761,0.339912,0.42365,0.378074,-1.80251,-1.48458,
-0.359749,-0.727948,0.150881,0.326214,1.45051,0.178715,
-0.231846,-0.396322,-1.66743,-0.286562,0.602516,-0.629564,
0.785265,-0.587699,-1.64352,-1.58332,-1.92318,0.496659,
-0.908382,0.920825,0.192111,-1.23375,-1.18268,-0.0102665,
-1.02425,-1.08576,-0.946959,-1.61077,0.230976,1.04607,
-1.23542,0.371343,0.628232,1.15818,-0.983417,-0.535825,
0.889044,-1.9295,0.324372,-1.63143,0.739445,1.34996,
-0.633788,-0.368705,2.86978,-0.75394,0.322196,-0.621291,
-1.38483,3.03206,-1.5691,0.3009,0.361059,1.78724,
1.06839,-1.40058,0.620593,-0.0444634,0.62286,0.886318,
-1.15519,-0.737567,1.12044,0.228454,0.297817,-0.473819,
-0.960279,-1.46289,0.138071,-0.144274,0.908428,-0.873333,
-0.627829,-0.606106,-0.178809,1.51837,0.196325,-0.106746,
0.952734,1.22235,0.310671,-0.00122874,0.336008,0.0615501,
0.58439,0.911658,-0.189584,-0.0368323,-0.184281,-0.684789,
0.837302,-1.14024,-0.211973,0.616302,1.48518,1.03759,
-0.712127,0.476957,1.59361,0.639664,-0.290745,-0.670462,
-0.495942,-1.77952,0.0630115,0.214828,0.176654,-0.673183,
0.317913,-0.120361,-0.59036,0.968215,3.0103,-0.0714567,
0.661287,0.481141,0.465042,0.946824,1.50553,1.73175,
-0.199586,0.0233012,0.0629783,1.99861,0.999195,-0.181956,
-1.25231,-0.611149,-0.238437,0.145362,-0.493991,0.600832,
0.176692,0.102163,-1.15186,0.334811,-0.230646,0.122258,
-1.34247,0.693398,1.75245,1.16253,-0.940518,-1.12991,
1.84841,-0.657183,1.37188,0.856847,0.238324,0.949829,
0.277647,-2.13847,-1.28103,-0.163275,-0.597656,-1.4417,
-0.0428514,1.73797,-1.57529,-0.641464,-0.137893,-0.0273949,
-0.617441,-1.11807,0.0879982,-0.275111,0.441,-0.374028,
-0.812812,-0.93827,0.568103,-0.185658,1.349,1.92296,
0.242683,-0.541664,-0.480271,2.12503,0.837871,1.19957,
1.07907,-0.165336,0.408818,0.829475,1.11539,-0.131461,
-0.448818,0.843629,0.590756,0.819147,-0.25899,1.00856,
-0.792785,1.00932,0.502955,0.0750939,1.41549,-0.264196,
1.20501,0.873211,0.0814431,0.63486,-0.165091,2.06664,
-0.415995,0.667721,-0.834263,0.568042,0.518766,0.405788,
0.37261,-0.399149,0.795623,-0.358784,-0.630695,-0.413445,
-0.740002,1.61801,-1.38977,0.18486,2.19466,0.933761,
0.572091,-0.655164,0.448718,-1.00743,-1.0724,-0.384787,
-1.93157,-1.14047,1.22557,-0.889701,-0.323485,0.82519,
1.06648,0.970809,-2.15846,0.796401,-1.64128,1.13319,
1.09207,-0.0539363,-0.366093,0.839086,-0.632285,-0.404447,
0.520456,0.183851,2.29582,-1.24252,0.533509,-0.833573,
0.931708,-0.636423,-0.973076,0.542528,1.22247,-0.999966,
-0.598397,-0.556165,-0.0131746,-0.456198,0.12842,-0.90369,
-0.380799,0.983346,-0.306591,0.448706,-1.26225,0.757443,
0.303496,0.157356,0.579928,0.777628,-0.323522,0.407962,
0.336331,0.995929,1.35437,1.11998,0.845605,0.0506086,
0.843107,0.894034,0.377934,-1.77335,-0.441192,0.636777,
0.223781,-0.292885,-0.259883,-0.296778,-0.796967,0.311054,
0.0650281,-1.22444,-0.652988,-0.764356,-0.858278,-0.0883612,
-0.813798,0.724733,-2.83075,-0.361182,-0.106929,-0.684999,
1.00608,-2.12708,0.93891,0.810988,-0.555333,-0.238903,
-1.17773,-0.108313,0.0321641,-0.43887,1.41968,-0.34226,
0.348154,-0.901376,-0.420966,1.50845,0.295909,1.53463,
0.170605,-1.4081,-1.01158,0.449608,0.00816006,0.331193,
1.1946,-0.918192,-0.555439,0.697515,-0.149156,0.92442,
-0.360006,0.599684,1.66447,-0.62363,-1.22342,0.626628,
0.810692,0.322161,-1.35837,-0.138285,-1.2084,0.961371,
-0.904032,-0.409603,0.53604,-0.230716,-1.72854,-1.76859,
-0.00261814,-0.6531,-1.95414,-0.639879,-0.891597,1.31989,
1.60091,1.70051,0.439262,0.076043,-1.08164,-1.27331,
0.457121,-1.11959,0.815428,0.289493,1.65266,0.295193,
-1.91084,0.705111,-0.403998,0.583181,0.431446,-0.0882922,
0.879438,-1.74143,0.870802,-0.623312,0.954904,0.893827,
0.517291,-0.473561,0.0668345,0.715565,-0.371077,-0.779855,
-0.596676,-0.618583,1.06015,1.10131,0.158244,0.917351,
-2.3884,1.80624,0.580115,0.00569501,0.612136,-0.853619,
-0.83378,0.239506,2.41094,1.14883,-2.52345,0.302363,
-0.213602,-1.18311,-0.758804,0.975332,-1.33404,-0.450782,
-1.23781,-1.78731,0.363339,1.34697,-0.667049,0.502012,
-0.353385,1.09952,-0.76327,0.0682134,0.476065,0.848389,
-0.128612,2.36185,-0.219905,0.545968,-0.744963,-0.984753,
0.0623193,-0.652089,1.09841,-1.6334,-0.154111,0.837245,
-1.3922,0.881779,-0.504643,1.125,-1.53975,-1.04947,
-2.32286,1.63514,0.0252433,-1.31856,0.127376,0.377345,
0.350972,1.27599,0.116575,2.80887,0.934441,-0.389355,
-0.401294,0.538885,1.21768,-1.5277,1.19679,-1.52559,
-0.4727,0.636365,1.7909,1.31968,-0.14703,-0.652186,
-0.776416,-1.82201,1.53197,1.76155,0.77256,0.278155,
0.14545,0.452534,-0.853445,0.973459,0.289728,-0.163345,
-0.472417,1.0871,0.440148,-0.615534,-0.698946,-0.46417,
1.36649,-0.492326,1.01548,0.103258,0.322611,0.130281,
-0.240355,0.330382,-0.444952,0.970365,-1.94939,1.03223,
-0.527815,-0.665127,0.864659,-0.0477159,1.44216,-1.08943,
-0.976797,0.391892,1.20906,1.86651,-0.0207926,-0.0447015,
1.99106,0.144101,-0.708209,0.344076,-1.46592,0.564151,
-0.108712,-0.193916,-1.07869,-1.0028,0.119145,1.80917,
-2.14083,-0.441999,0.138146,-0.370984,-0.783032,-0.313309,
-0.438269,-1.71448,0.69766,-0.511503,-0.110189,1.59754,
-0.458089,-0.802144,-1.52886,0.282363,-1.95317,-1.70989,
-1.14572,0.59253,0.502499,1.17095,1.27454,-1.48891,
1.50723,-1.00357,0.811852,-1.2425,1.01645,-2.43574,
0.905418,-0.291808,-0.125391,1.48654,0.425873,-1.08473,
0.440454,2.17472,-0.128569,1.0618,0.791132,-0.81445,
2.03907,-1.97091,-0.399631,-0.335645,1.22837,0.589978,
0.613487,-0.318364,0.112128,0.0702156,-1.05331,-0.781483,
1.06153,0.635401,-0.280383,-0.942286,-1.14331,1.20731,
-1.8807,0.378425,-0.947557,0.571815,-1.15644,0.534096,
-0.470446,0.552735,-0.874346,0.464701,-0.877944,0.903224,
0.635529,0.129408,-1.18453,-0.895164,-1.04068,-0.867411,
-0.0945403,-0.279878,1.24068,0.120077,1.65587,-0.206095,
0.121345,1.2345,-0.258912,2.21278,0.72168,0.375303,
-1.13026,0.255641,-0.848898,0.837055,0.289735,-0.378352,
-0.947499,1.20139,-1.48154,0.683797,0.610441,-0.0224093,
0.337727,0.173625,2.15125,0.806919,-0.783803,-0.176063,
0.377695,1.5977,0.448025,0.0750323,0.242367,0.335965,
-2.31081,1.754,-0.675626,0.925487,-0.949946,1.34259,
-0.999334,-0.420853,0.161915,-0.206926,-0.597263,1.32404,
-0.749747,-0.917834,-1.36304,1.11362,0.518364,0.255796,
-0.816517,1.12919,-0.914892,0.031072,0.141452,1.37778,
0.727616,0.460358,-0.430509,0.137484,1.02784,-1.00006,
0.975424,0.537928,0.700801,0.08999,-2.03848,0.798703,
-0.499661,0.73123,0.591595,1.03423,-2.22757,1.01984,
0.24434,-0.571927,-0.611421,1.23522,0.741447,0.426182,
0.373869,0.0570675,-0.591199,-0.485738,0.539889,-1.68038,
-1.267,-0.604884,-1.44396,-1.17799,0.86409,0.0876773,
-1.99881,-0.537444,-0.170641,-2.01426,-0.155413,-0.410701,
-0.138397,-0.560109,-1.12024,1.40219,-0.455588,1.09051,
-0.00387288,-0.601601,-0.200747,-0.482321,0.256278,0.255857,
0.0810688,1.47833,0.881159,-0.164276,-0.737762,-0.102496,
-0.0673424,-0.648819,-0.0822262,0.610933,-0.46482,-0.18134,
-0.498992,-0.377141,1.6071,-1.0182,-1.50752,1.36588,
0.145537,-0.0193719,-0.378869,-0.157043,0.364069,0.138292,
1.23632,-0.441548,0.225078,0.0128234,-0.937453,-0.526341,
-2.72422,-2.00911,1.51419,1.18322,1.82746,0.1198,
-0.982048,0.601754,1.01287,0.166883,-1.74279,-0.686637,
-0.913533,0.232748,1.54128,0.542174,-0.12262,0.143178,
-0.392099,-0.672775,0.715505,-0.0112546,-1.36024,-0.188429,
-0.5074,0.475719,0.184444,0.160612,1.04591,-0.211602,
1.20652,0.0949585,-1.10808,1.10428,-1.31779,0.708736,
-0.763455,-0.445714,0.0354717,0.257477,-0.340673,0.775838,
-0.949373,0.238774,-1.14341,-0.0478547,0.0378616,1.29496,
0.302485,-0.11802,1.16703,1.19267,-0.939669,0.65554,
-1.00191,-0.191058,0.666169,1.18695,-1.22291,-0.54563,
0.725309,1.14838,-0.998925,-1.12956,0.0973522,0.33547,
1.72728,-1.55748,-0.272966,-0.0371943,-0.282822,0.258987,
-1.20317,-0.0625659,0.147362,-2.67627,2.19852,-0.450081,
0.379642,-2.19191,-1.10336,-0.453839,1.03333,0.395756,
-0.992854,-0.421365,0.25638,-0.963874,-0.533207,-1.60583,
0.475098,1.72174,-0.107757,-0.148198,0.551072,0.19673,
-1.02326,0.186171,1.09105,0.911079,0.857374,0.0246362,
-2.09907,-0.749653,-1.76831,-0.575383,0.719408,0.17721,
1.52703,-2.13951,0.59033,0.124737,0.289067,-0.162345,
0.972296,0.00513842,-0.682382,-0.192026,0.078272,0.36713,
-0.666165,1.22981,0.971296,-0.725366,-0.321626,0.534838,
-0.419101,0.80526,-2.07975,0.144342,-0.315976,-0.490669,
0.145966,-1.17988,0.670874,0.886432,-2.10342,-0.0844169,
0.649375,0.687023,-0.362332,0.27868,-0.94047,-1.64692,
2.2569,-0.20989,0.183205,-0.319646,0.0329271,-1.27965,
-0.850166,0.632119,-1.48435,0.593113,0.877702,-1.05893,
-0.411444,0.703561,-0.648424,0.582554,0.268697,0.772349,
0.4113,-1.52585,-0.367511,-0.518062,0.817453,-0.505749,
-0.115907,-0.432842,-0.103833,0.230981,-1.71179,-0.472978,
-1.42531,-0.396544,-0.609783,1.58919,-0.527146,-1.22087,
0.5466,1.83191,1.76518,0.549695,-0.237012,-0.537278,
1.09862,-0.320551,1.04946,0.426028,-0.00287639,-0.0662658,
0.827703,0.99093,1.18515,0.148357,-0.0413666,-0.659502,
0.601515,2.17968,1.12939,1.24349,-1.12085,1.40685,
-1.24444,1.37786,1.42125,0.774722,0.0868987,0.573779,
0.762333,-0.109315,-0.698386,-0.811044,0.734829,-0.272937,
-0.822579,1.88565,0.816807,-0.704194,0.569497,-0.843126,
0.577108,-0.131708,-1.04142,2.09238,1.00717,0.533266,
0.125907,0.539124,-0.641394,1.92155,-2.74472,-0.947024,
-0.0433999,1.18203,0.0193094,1.43428,1.26905,0.484199,
0.237502,0.35871,-1.82152,0.953134,-1.14324,0.952675,
-1.21583,-0.102851,-1.98022,1.44514,0.872432,0.424667,
0.868423,1.40833,1.05416,0.0460117,1.03998,0.724461,
-0.569877,-0.292177,-1.58483,0.423764,0.638274,2.27345,
0.213523,-0.547136,-0.403791,-0.747115,-0.54261,0.889662,
-0.324912,0.237402,0.953278,-0.502497,0.675758,-0.508798,
0.48419,-0.687021,0.885562,-2.59716,0.825603,0.0952606,
-0.0192981,0.490037,0.0802913,0.731919,-1.41502,-0.494292,
-1.20554,0.620667,-0.524647,0.639159,0.87428,-0.739525,
1.74974,0.0163947,-1.1835,-1.0137,-2.15599,1.1928,
-0.371977,0.962161,0.231744,-0.139114,0.216559,-0.67514,
0.610875,3.30118,1.05611,-0.485662,-1.05348,2.0434,
-0.435909,1.78233,1.15531,-2.53363,-0.699208,-0.62224,
0.534645,-0.531329,0.623096,-0.633106,1.35215,-0.521504,
0.267837,-0.747657,1.59728,-1.49352,0.314057,-1.72915,
-1.23571,-0.0435434,-0.176999,-2.39982,0.546858,-0.778599,
1.28482,0.730219,0.088719,-1.09784,-0.714091,0.860662,
1.47638,-0.49018,0.38631,0.194172,1.38951,1.39563,
0.980434,1.84906,-0.540477,-1.26712,0.341524,-0.999901,
-1.1184,-0.398231,-0.404928,-0.47561,-0.278676,-0.0147413,
-0.111444,-0.146327,-0.329539,1.16396,-0.75893,0.439109,
0.88425,-0.897378,-1.04577,0.857753,-2.82531,-0.838265,
0.172497,0.406065,2.90613,-0.643179,0.866558,0.586569,
-0.288135,1.29898,0.241674,-0.952711,-0.139852,-0.0453185,
1.63568,-0.0924851,2.04366,0.376432,0.540222,0.882241,
0.32528,0.329758,-0.150449,0.709268,0.338497,-0.954157,
0.381244,-2.34502,0.18651,-0.204293,0.462797,1.1469,
-1.02692,0.606586,0.429622,-1.52287,0.812627,-0.171228,
0.0748879,1.75206,0.314296,0.244517,-0.66921,-0.123895,
-1.00987,-0.485159,-1.82833,0.0820756,0.237259,-0.137231,
0.243473,-0.0314646,0.0877312,1.22111,0.678686,0.296542,
-2.40042,0.321047,0.0988887,0.899583,0.668517,-0.892743,
0.303334,0.656572,-0.959102,0.383301,0.0104165,1.29716,
0.244771,0.707373,-0.0263768,0.288398,0.171224,-0.222921,
-0.115347,1.29259,-0.408911,-1.75807,0.201177,0.846371,
0.867249,0.31745,1.63965,0.356377,0.0546491,0.138225,
1.17788,0.275992,-0.522541,-0.474168,-0.222779,0.960419,
1.13495,0.976112,0.861779,0.21078,0.927725,0.548197,
-0.341787,-0.350772,1.85367,1.04334,-0.752085,0.989407,
0.404661,-0.0797075,-1.84326,0.900798,-1.18968,0.341466,
-0.0180717,1.62825,-0.0258403,-1.07005,0.0707393,0.0528032,
-0.425472,0.599378,0.431151,-0.167639,0.191447,-0.191831,
-0.0321839,-0.0226109,-0.711881,-0.911745,1.04897,0.670118,
0.654737,-1.17105,0.171727,0.951106,0.331141,-1.19257,
-1.6101,-0.177018,1.93818,-0.0460785,-1.18596,-0.599706,
-0.412935,-1.06081,-0.769321,-0.456441,1.70606,0.075735,
-0.0611329,0.894894,-0.859704,0.310969,-0.33563,0.774122,
1.07099,0.79765,1.80583,0.896075,-0.519337,0.060639,
1.59318,-0.565979,0.702131,-0.590995,0.402727,-0.335776,
-0.818394,0.199968,-0.858177,-0.872486,0.445203,1.767,
0.693763,0.445948,0.768736,1.70958,0.342061,-0.283472,
0.0285134,-0.630751,-0.621889,-0.948795,0.688667,-0.451548,
0.403797,-0.348852,-1.03971,1.75766,-0.647383,-0.307439,
-1.00154,0.933038,-0.783587,-0.898947,0.637509,-0.869247,
-0.649265,-0.273309,0.979452,0.905757,0.36881,-0.548526,
0.280146,1.48233,-0.784938,0.0715228,0.035226,-0.78111,
0.261668,-1.45804,0.515643,-0.160551,-1.86829,1.07526,
-0.933436,-0.595703,0.900349,-0.22115,-1.10192,-0.247593,
-0.753044,-0.0450594,-0.564782,-1.43945,0.103776,1.30248,
0.0901163,0.317977,-2.94505,0.290358,-1.64696,1.55043,
1.37119,0.571911,-2.09034,-1.27742,0.316044,1.72514,
0.703562,0.603352,-0.794936,1.9805,-1.34358,-0.202178,
2.1929,-0.981076,-0.752879,0.522858,0.0611162,1.23762,
-1.59324,-0.978735,1.40023,2.5117,0.356991,-1.14586,
0.457259,0.14463,-0.847052,0.104018,-0.994861,0.240855,
1.081,0.456212,-1.19573,-0.0768062,0.173238,1.39285,
0.165545,-0.341225,0.264171,-2.81661,1.41078,1.15396,
-0.16771,-0.779953,-0.630203,0.635302,0.712347,-0.160861,
-0.672481,-0.71011,-0.803016,0.35176,2.75009,0.259992,
-0.0376616,-0.409111,0.0967502,0.141479,0.907027,-1.17315,
-1.77816,-0.359898,-1.76273,1.08566,-1.87767,-0.690267,
-0.16557,-0.29816,0.040773,-0.196735,-1.151,-0.291123,
-0.256158,-0.705226,-1.8723,-0.125029,-1.33594,0.843846,
0.131349,-0.828222,0.591119,0.601907,-0.138055,0.921816,
0.442657,0.378614,-0.236563,-1.05161,-1.77176,-0.099567,
-0.296996,0.194113,-1.53068,0.107631,-0.554216,-1.00823,
-1.91587,-0.0129202,-1.80717,-1.02896,-0.546271,-0.19124,
-0.252005,-0.0155795,-2.05862,-0.298719,0.724213,-0.693963,
0.0422425,-0.73626,-0.42384,-0.43028,0.244268,-0.960946,
0.391938,-0.209017,-1.96174,1.83687,2.31929,-0.154383,
0.499454,-0.183863,-0.178778,-0.282379,1.0581,0.727751,
-0.926806,-0.865483,-0.115304,0.597132,0.928059,-0.724704,
-1.49489,-0.423656,-0.447656,-0.175596,1.51075,1.48025,
2.23774,0.496319,0.574722,0.855975,-1.33079,-0.0714432,
1.37228,-1.49847,-0.00218494,-1.22142,-0.144265,-0.541282,
0.256615,-0.92651,-0.105678,0.113483,1.85366,1.83279,
-0.234095,0.00835882,0.478926,0.911345,-0.690087,-1.05615,
-1.2487,-0.73543,-0.295393,-0.708473,0.781514,0.240942,
0.350625,-0.0379852,-0.548867,1.45753,-1.03952,0.117794,
-1.03067,-0.622927,-0.523062,0.983509,-0.520878,0.197428,
0.578156,0.652623,-1.22848,-0.32309,0.614034,-0.0217895,
-0.00600194,-0.756593,1.22634,1.47283,-0.977557,-0.217776,
-0.652279,-0.419923,-0.0852094,0.41849,1.53389,0.876656,
-0.650847,-0.317866,-0.21319,1.34732,-0.862116,-0.991152,
-1.97599,-0.82684,0.353393,0.192853,-1.45293,-0.252024,
0.466803,0.808225,-0.402096,-1.00188,-0.850496,-1.73921,
-0.313988,1.95745,-0.427283,2.66924,0.810061,0.442298,
-0.542231,-0.494095,-0.266542,0.278439,0.561856,1.7596,
-0.267238,-0.44242,-2.22514,-0.524706,-0.681604,-0.607623,
0.713251,0.436649,0.0856007,0.187301,-0.508017,-0.217654,
0.0855798,0.617707,-0.731266,-0.785847,-0.0555126,-0.64926,
0.291718,1.09619,-0.361339,0.991975,-0.327979,1.57322,
-1.38926,0.701903,1.47273,-0.181262,0.400462,2.14159,
0.0309791,0.623946,0.611471,-0.175997,2.46975,-0.942542,
-0.906045,-0.960758,-1.59095,-1.66616,-0.0830519,0.845457,
0.0971442,0.72674,-0.262652,1.26363,0.170237,0.421975,
0.957625,0.652404,-0.065877,1.61148,0.0226461,0.976115,
-0.00168436,-0.812393,-0.671472,-0.982018,-1.7855,0.83091,
-0.819235,-0.156419,0.525554,0.120364,1.49926,-1.5516,
0.591426,1.18981,-1.94363,-0.44227,-0.918745,0.765803,
-0.0368034,1.34534,-1.07708,-1.67347,-0.468262,-0.813334,
0.799866,0.26943,-1.6316,0.32045,2.37214,-0.328197,
0.503086,0.595859,0.360714,1.97406,0.683412,-0.211318,
0.395578,1.47537,1.14678,0.539973,-0.434422,-0.0566978,
-0.588701,0.327267,0.273184,-1.42532,0.0247823,0.0629423,
1.10728,0.482822,-0.596483,0.518379,0.294817,0.522998,
-0.18547,-2.16181,-0.105423,-0.587719,1.34501,-1.62827,
-2.2442,-0.627453,0.761407,0.734315,-1.74271,1.50028,
0.182419,-2.46059,1.3992,-0.501807,-0.955158,0.607167,
1.13465,0.452287,1.13156,1.32575,0.527294,-0.0445324,
-0.459194,-0.682767,0.561758,-1.12028,1.99631,-0.110984,
-0.10244,-2.05983,-0.407001,0.80119,0.505509,-1.38882,
0.982098,1.08572,0.144108,-1.61363,1.29395,-0.814049,
-1.96752,-0.355506,1.53515,1.21671,0.947126,0.822184,
0.881658,1.09016,-0.477531,0.095969,0.174733,0.219279,
0.83414,0.478762,0.697246,-0.792878,-0.154615,0.709355,
-0.557436,-1.00299,1.22498,-0.890858,0.672322,-2.0843,
0.662757,0.750959,-0.0507954,-0.996267,0.0250745,0.69175,
-0.41108,0.298486,-0.285204,-0.846447,-0.159316,0.884052,
1.29908,-0.908408,-0.582252,-0.262325,-0.309506,-0.26471,
-0.205673,0.583652,0.910008,0.0190297,0.506579,0.409144,
-1.17166,0.176635,0.379306,-0.0647955,-0.690207,0.223548,
-1.54445,0.534384,-1.82357,0.338505,-0.742641,0.842783,
-0.654257,0.539187,0.911789,-0.30175,0.940892,-0.563732,
0.10456,1.95938,-1.64977,1.79842,0.547359,-0.0927325,
-0.522353,-1.28067,-0.606075,-0.816774,0.042548,-0.904876,
-1.46046,0.180574,-1.07436,0.784477,0.123792,0.16062,
-0.0293706,1.37049,0.149901,-0.00427493,0.287691,-0.596063,
0.246777,0.795367,-0.887889,-2.4483,-0.182149,-0.269424,
0.0152653,0.225856,0.254671,0.064929,0.637946,-0.280785,
1.03743,0.053008,0.0282984,-0.227718,-0.942405,-0.835598,
1.05366,-0.574466,-0.208736,0.0280101,-0.195879,0.723095,
1.0903,-0.132606,1.1272,0.244391,0.502949,-1.42071,
-1.00679,-0.114932,2.28166,0.388163,-0.00868773,-0.0213664,
-2.13602,-0.896475,-0.651479,0.812444,-1.11194,-0.0165714,
0.282117,0.294198,1.46646,-1.71323,0.0683149,-0.423712,
-0.501218,-0.674193,1.23617,-1.60081,-1.51766,0.546068,
-0.289784,-0.552483,-1.45941,1.47633,1.42796,-0.851599,
-0.392159,-0.330459,0.154042,-0.858971,2.28659,-0.513645,
1.50868,-0.814088,1.87433,-1.10376,1.40116,-1.81052,
1.60597,0.105424,1.12677,-0.285987,-0.748538,0.285824,
-1.55918,1.8505,1.42946,1.04343,0.755272,-0.811635,
0.32749,0.240586,-1.26992,-1.71708,0.604002,0.692066,
0.522553,0.230927,-1.08199,-1.66975,2.11837,-1.08287,
-1.28047,-0.781448,-0.647411,-0.61796,-1.41329,-0.738114,
1.27764,0.875486,2.00763,1.21574,1.10328,-0.771355,
0.661098,-0.669802,1.62024,1.85334,-0.585352,1.43709,
-0.243212,2.42546,0.852419,1.04083,-0.357909,-0.549965,
0.497051,1.19114,0.264068,-0.0808983,1.15967,-0.177368,
1.62335,1.04936,0.738939,-1.08936,-1.23439,0.521097,
0.569908,0.235695,0.58879,0.819732,0.758442,-0.117671,
0.239387,-2.73352,0.520086,-1.07438,-1.97641,-1.09598,
-0.26421,-2.84752,1.01422,1.48741,-1.1243,1.56096,
-0.346868,-1.59999,-2.91599,-0.328416,-1.72488,-1.24153,
0.127096,-0.524261,-1.54097,-0.123194,-0.321394,-1.06467,
-0.265533,-0.853638,0.0666576,0.431417,0.48343,0.619153,
0.830589,-1.00406,0.360042,-0.381713,-0.539555,-0.432872,
-0.127517,-1.4499,-0.347155,0.40131,1.1559,1.52335,
0.860146,0.18395,-2.69497,0.15103,2.38322,-0.279834,
-1.37878,-0.529164,-0.566884,1.52047,0.937113,0.347239,
-0.0447764,-1.03063,-1.40315,-0.611558,1.18676,0.649665,
-0.322692,0.797659,-2.2334,-2.25601,0.213935,0.742434,
0.889221,0.9285,0.88917,-0.68625,-0.726457,-0.695159,
-1.51226,2.02214,-0.549358,0.380831,-0.525841,-0.869317,
-0.276821,0.403282,0.888833,0.408202,2.55888,-0.849883,
1.02281,-1.13144,-1.29091,-1.4223,0.149949,1.94877,
-0.930613,0.918962,2.20707,-1.18351,0.377689,-0.988844,
-0.0435793,-0.123963,-0.864044,0.0158169,-0.350427,1.54751,
-0.273942,1.13078,-0.168478,-0.44817,-0.181777,-0.630753,
-0.170385,-0.870772,1.71201,0.36352,-0.987849,-0.501771,
0.164555,1.44611,-1.78283,0.792693,0.473515,-0.000953853,
1.21294,-0.356474,-0.0410938,0.696488,-2.74453,-1.83099,
1.36008,1.13371,-0.00680143,-1.4301,-0.279413,-0.378283,
-0.156322,-1.27693,0.0230256,0.712059,1.45017,-0.892955,
0.275927,-0.145907,-0.592117,0.998661,-0.265426,1.0729,
-0.294707,1.08464,0.844274,1.36106,0.780404,1.07902,
0.572506,-0.830175,-1.73657,2.13128,-0.406781,-0.473689,
-0.284003,-0.553199,0.32684,-0.279693,-1.25862,0.248187,
0.107843,-1.88601,0.096587,-1.7757,-0.650766,0.688285,
-0.87754,-1.15946,1.97069,0.136474,-0.514404,-0.0769998,
1.69364,-0.543985,0.496923,1.43869,-1.27132,-0.417489,
1.17201,-0.0885825,1.08331,0.662476,1.18328,0.569706,
-1.06325,-0.954927,-0.114732,-0.515143,0.359459,-1.11888,
-0.237862,-1.80906,0.546302,0.401002,0.00835725,0.977312,
0.109136,-0.811194,-1.05971,-0.0325643,1.2491,-0.60943,
0.885293,-0.786138,0.247453,-0.540926,0.266029,-0.523022,
-0.535751,-0.19574,0.259364,0.158502,-0.532645,0.0083209,
1.90162,-0.381986,-0.16672,-0.705447,0.930251,1.58835,
-1.06091,0.999713,1.29289,-0.908872,-0.617034,-0.200161,
-0.338337,0.351849,-0.0773862,-0.388127,-1.69098,-0.626979,
-0.0171642,-1.76082,0.292151,1.02681,0.0132871,0.213254,
-0.20352,0.478383,0.162437,0.228299,3.91606,-1.1969,
-0.662973,0.696789,-0.432051,0.73433,-0.67811,-0.945556,
-0.00429473,1.28227,-2.29631,-0.0051279,-0.472024,0.388579,
0.535344,0.169983,-0.0615731,2.58176,-0.997923,2.77191,
0.424001,0.106324,-0.577786,-0.175484,0.667651,-1.14765,
0.00152587,-0.544627,1.13556,0.107891,-1.52143,-0.444785,
0.615774,-1.52001,-1.82369,-0.481863,-1.76012,-0.311747,
0.125895,-0.597935,1.87659,-0.543819,-1.16462,-0.503618,
-0.249182,0.792766,-0.657335,-0.714163,-0.569435,0.339937,
1.09108,0.831048,-0.462599,1.75022,-1.5873,0.127954,
-1.74048,-0.427235,0.677293,-0.850452,-0.648968,1.8361,
-0.87036,0.645237,-0.602308,1.5629,-1.04827,-1.04961,
0.899478,-0.0529614,-0.472637,0.392917,-1.0161,-0.595534,
-0.96461,0.214011,-1.83462,0.176482,-0.172303,-0.9943,
2.34161,-1.95067,-0.449818,1.08866,0.534519,-0.17881,
0.378331,1.51371,0.397985,-0.540086,0.767222,-0.44864,
2.08659,1.11335,-1.45334,0.747689,0.110226,1.53273,
0.511775,0.0888173,0.155261,0.636008,-0.332122,1.58135,
1.16701,0.0642178,-0.828192,-1.26836,-0.0874189,-0.827326,
-0.836843,-0.604042,-0.344821,0.327193,0.331281,-1.72822,
1.46378,0.873452,-3.16419,1.04189,-0.911817,0.924305,
-0.976589,0.00651072,-1.7211,-1.74143,1.3229,1.73426,
0.998631,-0.0435249,1.44122,0.955835,-0.0297792,0.0543527,
1.35058,-1.19662,0.391848,0.811691,-0.409922,-2.56645,
-3.21018,0.789877,0.0750107,0.0433818,1.06759,-1.09168,
-1.04781,0.585396,-0.592221,1.42204,-1.95446,0.254137,
0.655531,-0.226067,0.819669,1.70764,0.168367,0.966475,
-0.382667,-1.20359,0.694348,1.77373,-1.25353,-1.1272,
1.99545,-0.0250075,0.202125,3.64713,2.23012,0.183667,
-0.0242359,-0.340266,-2.82575,-0.0327719,1.72442,0.195895,
-2.20579,0.383786,0.525514,1.30533,1.29167,-1.16039,
-0.68589,-0.271407,-1.08081,-0.241556,-1.4044,0.598902,
-1.29514,-0.464513,0.0749581,1.26725,-1.26223,-1.5258,
1.83721,-0.447503,0.10654,-0.232167,-1.46278,-1.89074,
1.13231,0.881658,-1.12193,-1.00638,-0.0418415,-0.313723,
-1.66417,1.55977,0.549121,-0.0922364,-0.212666,-0.560328,
-0.256213,-0.0207601,0.268863,-0.179528,-0.245875,1.35606,
-0.858567,-1.2427,0.394817,-0.567402,-0.713119,-0.134237,
-0.730717,0.637743,0.430761,-0.0658945,-1.66646,-0.307769,
-0.757118,-0.242092,0.0731581,-2.17553,-0.617008,2.1417,
2.58804,-1.69871,-0.0710609,-1.01387,-1.14197,-1.03863,
1.20979,0.0242738,0.526998,-0.63744,-0.441041,0.0699675,
0.80074,0.481204,1.19463,0.333788,-1.06274,0.866771,
1.6211,-1.17197,-0.0187158,0.134321,-0.235078,-0.441101,
0.444152,2.08579,1.4631,0.421965,1.0661,-0.122503,
-0.0804407,1.0394,-0.0058232,0.000154136,0.398672,0.468588,
0.596224,-1.50351,-0.976686,0.594544,0.759438,-0.432244,
-0.106414,-0.947684,-0.142691,-1.43779,0.608369,0.248222,
-0.428121,0.784522,-0.588042,0.176269,0.165748,0.426572,
-0.607301,-0.130265,-0.754701,-0.440925,1.38273,0.777232,
0.185278,0.180133,-0.0223615,0.166449,-0.190853,0.383225,
0.584959,0.752275,-0.874671,-0.82226,-0.848236,-2.41211,
-2.28192,-0.315393,-1.34269,0.634773,1.43998,-1.36212,
-1.91195,-0.613703,0.882861,1.30506,1.11567,-0.350225,
0.264098,-1.10335,0.613149,0.192027,-1.75359,0.580345,
1.33937,-0.642908,0.709421,-2.25885,0.0672425,-1.23735,
0.208696,0.553373,1.80475,-0.0729421,1.2439,0.22027,
0.589621,0.784354,0.399872,-0.00303846,1.5549,0.0894341,
-0.465834,1.54298,0.00494566,0.876576,1.03356,-0.208834,
-0.113041,-0.320954,1.54084,-0.893097,-0.99889,0.050373,
-0.961141,-1.55509,1.19026,-0.830698,-1.04162,-0.391781,
0.310616,1.50249,1.01439,0.758109,0.391885,-0.4466,
-0.941997,-1.15419,-0.49041,1.07861,-0.889283,-0.569472,
-0.695129,-0.324366,-1.05405,1.2695,0.269408,1.3448,
-0.552715,-0.886849,-0.660373,-0.0800271,-0.228136,-0.315985,
1.19565,-0.382937,-0.788997,0.820708,0.610407,-0.757328,
0.770049,-0.595547,1.09858,-0.735684,1.38097,0.530391,
0.769758,-2.71736,0.775072,-1.70986,0.397675,1.11571,
-0.440283,-0.767482,-1.00735,1.01224,-2.50568,1.57138,
-1.57479,0.742203,0.99727,-0.599669,-0.285915,-0.932555,
1.94986,-0.532265,-0.393399,-1.84886,-1.87961,-0.0955768,
0.858066,-0.704135,-2.0414,-0.606627,-0.564416,0.630699,
-0.142678,0.167599,-0.68363,1.57341,-1.57937,-0.802108,
-1.42002,-1.78797,-0.518886,0.693997,0.0703439,1.19218,
0.261267,-0.656096,-0.117725,-0.567789,-0.418893,-0.580876,
0.183893,0.14955,0.0255137,0.755794,-0.159398,-1.13506,
0.242429,0.546674,1.07768,-1.32249,0.19662,1.66553,
-0.80566,1.13808,1.14685,1.20979,1.58828,0.297518,
-0.996611,-0.166131,0.877101,-0.0611903,-1.02748,-0.630494,
-0.453664,1.10644,0.62538,-1.33503,0.413607,0.604704,
1.11138,0.323301,0.545834,-0.634057,1.16336,0.467115,
-0.673812,0.598274,-0.81587,0.591827,0.226338,0.0776326,
-0.333836,1.53112,0.827129,-0.56813,-0.87545,0.52329,
-2.2493,-0.233353,-0.254753,-1.78274,1.05543,0.817685,
0.95778,2.08571,-1.39863,0.984664,-0.305425,-1.15932,
-1.00429,-1.98086,-0.469798,-0.542346,-0.482858,-1.0362,
-1.21197,-2.16106,-1.62172,1.86339,0.3805,0.65827,
-0.849711,0.383264,0.0608776,-0.721751,0.497949,0.0235682,
-0.0872982,1.29337,1.85389,0.690218,0.31647,0.578693,
1.31639,0.124696,-0.29347,0.0110306,-0.708965,-0.982955,
0.798219,-0.559446,-0.540772,0.318763,0.334189,-0.941211,
0.441435,0.227538,0.96921,0.0957877,1.9582,0.262092,
1.61733,1.30489,1.8087,0.413076,-0.564608,0.073975,
1.01607,-1.1358,0.829241,-0.343854,0.260298,1.05506,
-0.480901,-0.975606,0.730568,0.0921503,0.173527,-0.437732,
-1.08414,-0.161231,1.80981,0.964603,0.320606,-0.326962,
0.589569,-1.93055,-1.26464,0.47006,-1.33225,1.27951,
-1.89673,-0.533927,-0.619434,0.2373,3.28229,0.0741699,
-0.666931,-0.327678,-0.963538,-0.993131,-0.233224,-1.07729,
-0.757916,0.13533,-0.359834,-0.775694,-0.383887,0.28365,
2.04629,-1.53956,2.1121,1.83437,0.488864,-1.75679,
0.648148,-0.845946,1.16767,0.193485,-0.649815,0.599651,
-0.465302,0.852422,-0.115971,-0.176982,-0.186775,-0.996615,
0.399168,1.84505,0.881977,1.64102,0.454465,-0.544038,
0.0574253,1.26321,-1.27262,0.298846,0.117563,-0.663776,
-0.449486,0.370182,0.342107,0.819108,1.32572,-0.446123,
-0.966531,0.454478,0.852705,0.830229,-0.900957,-1.51826,
1.31906,0.161324,1.25303,-0.174122,0.992096,-0.177443,
-0.544735,0.640045,-0.111838,0.100726,-0.20193,0.815911,
1.34175,-1.10806,0.660873,1.11994,1.49525,0.775494,
-1.31307,-0.292239,-1.45409,2.37801,1.3327,-1.20636,
0.272456,-0.238661,-0.446838,-0.681601,0.488774,-0.0716676,
1.9332,-0.102253,1.57046,-1.40576,0.291711,-2.25518,
0.988785,-0.995153,0.329581,-0.957513,0.349557,0.90702,
0.293323,0.396795,-0.547785,1.18084,1.26503,0.647537,
-0.268964,0.0659576,0.988152,-0.887147,1.2136,0.249708,
0.250692,0.359811,2.48527,-0.798346,-1.43077,-0.782649,
1.6675,0.771597,-0.684364,-0.916144,0.403278,0.815274,
-0.894941,0.461958,0.365766,-0.0628037,-0.0278129,0.258405,
-0.94059,0.933529,1.35451,0.0438835,-1.13877,-0.812318,
-0.526018,0.971468,0.870502,1.75596,1.19009,-0.661328,
0.391378,-0.517606,0.344377,0.376257,-0.778285,-0.742982,
-0.788735,2.957,-0.7673,0.499845,0.607598,-0.482425,
0.667098,-1.02785,-1.05787,-0.0288908,0.815316,1.44451,
0.452043,-1.69151,-0.392789,-1.8319,0.496983,1.84888,
-0.46564,-0.742619,0.820085,0.558578,0.628983,-0.190545,
0.297989,-0.67571,0.0433118,1.36937,-0.545619,-0.424037,
-0.396305,-0.0263519,1.92479,0.454164,1.89976,-0.497624,
-0.800013,0.406523,-0.173172,-0.0358038,-1.79713,0.940711,
0.227125,0.382594,0.953667,-0.169176,-1.07737,0.760318,
-0.296726,-1.22704,0.944514,-0.528521,1.83455,0.218925,
0.70234,-1.09502,0.618356,0.872563,-0.151003,1.45712,
0.217753,-0.842751,0.64341,-0.218254,1.63786,0.348361,
-1.40482,0.461352,0.682469,-0.0432466,0.928472,1.00445,
-0.908234,-0.20102,0.00374568,1.44829,0.722436,-0.0513984,
0.887805,-1.00155,-1.19383,1.58118,-0.794551,1.13963,
0.425164,0.833795,2.8574,1.08054,-1.779,-0.627105,
0.334261,0.337137,-1.5214,0.492439,-1.34687,1.06048,
0.467088,0.0487201,1.45395,0.357095,-0.579431,1.50798,
-1.33746,-0.480284,0.552389,-0.178956,0.573057,0.799551,
0.383837,-1.86779,0.832134,-1.67034,0.585825,0.570726,
-0.483233,1.10954,-1.50509,1.7405,0.065298,-1.24524,
-0.785288,1.89948,0.852463,-0.642827,0.225015,0.717274,
